,MSE,RMSE,MAE,R2
Ridge,3190023.729761433,1786.0637529946775,692.2947218247327,0.45035977529283155
Lasso,3201571.1904917536,1789.2934891995092,694.1034144071584,0.4483701509363113
XGBoost,2704225.0,1644.4527965253367,566.803466796875,0.5340627431869507
