,MSE,RMSE,MAE,R2
Ridge,3375518.446906823,1837.2584050445444,687.9855836952117,0.7104168995249587
Lasso,6412582.423510406,2532.3077268591205,835.2434275549823,0.44986954464623097
XGBoost,697500.375,835.1648789311007,431.8742980957031,0.9401620030403137
