,MSE,RMSE,MAE,R2
Ridge,940596.8032322705,969.8437004137679,347.251909007051,0.466777289085641
Lasso,934810.3090317365,966.855888450671,346.9156364822408,0.47005764270123485
XGBoost,213527.65625,462.0905281976682,119.37051391601562,0.8789515495300293
