,Accuracy,Precision,Recall,F1,ROC-AUC
Random Forest,0.8500604594921403,0.8567901234567902,0.8401937046004843,0.8484107579462102,0.9380051701348681
Gradient Boosting,0.848851269649335,0.8512195121951219,0.8450363196125908,0.8481166464155528,0.9367360306932893
XGBoost,0.8295042321644498,0.8317073170731707,0.8256658595641646,0.8286755771567437,0.9331508579850509
