,Accuracy,Precision,Recall,F1,ROC-AUC
Random Forest,0.8608058608058609,0.8624078624078624,0.8581907090464548,0.8602941176470589,0.9346204305563838
Gradient Boosting,0.8473748473748474,0.8497536945812808,0.843520782396088,0.8466257668711656,0.9308754248911683
XGBoost,0.8424908424908425,0.8482587064676617,0.8337408312958435,0.840937114673243,0.9297483451607133
