,MAE,RMSE
ARIMA,0.25063660993452713,0.3196537440510412
Prophet,0.2455354490314292,0.31743050649233007
