cluster,points,position,total_matches,total_wins,win_rate,game_diff,log_social,log_points,clutch_rate,trajectory_slope
0,376.1736237144586,396.37991530550516,0.3871748336358137,0.07078039927404718,0.0073402630362203606,-1.5257108287961283,0.014438838636404485,4.347309523061591,0.003170783978406483,-3.056362169792297
1,6.191987306624355,1479.8302261007536,0.00872669575565252,0.0,0.0,-0.06783022610075366,0.004670336993421453,1.8442538357051272,0.0,-1.1312309929921989
2,1133.9375,144.3671875,40.0703125,19.6640625,0.5072235097529351,-4.4375,0.44845356338747666,6.486717648318438,0.5841016193175307,10.415364583333332
3,7876.117647058823,12.470588235294118,123.0,77.94117647058823,0.6293810745554937,207.41176470588235,10.168539054203027,8.679879175983007,0.5892186433546401,1.343137254901961
